Region,Sub-region,Country/territory,2003,2004,2005,2006,2007,2008,2009,2010,2011,2012,2013,2014,2015,2003,2004,2005,2006,2007,2008,2009,2010,2011,2012,2013,2014,2015
Africa,Eastern Africa,Burundi,,,,,, 341 , 376 , 347 , 349 , 451 , 416 , 436 ,,0.00,,,,,3.87,4.11,3.67,3.56,4.45,3.97,4.03,
,,Comoros,,, 58 ,,,,, 59 ,,,,, 60 ,0.00,,9.43,,,,,8.42,,,,,7.60
,,Djibouti,,, 63 ,,,,, 63 ,,,,, 60 ,0.00,,8.16,,,,,7.60,,,,,6.77
,,Eritrea,,, 382 ,,,,, 389 ,,,,, 390 ,0.00,,9.11,,,,,8.30,,,,,7.46
,,Ethiopia,,," 7,214 ",,,,," 7,419 ",,,,," 7,552 ",0.00,,9.42,,,,,8.47,,,,,7.60
,,Kenya,," 1,395 "," 1,260 "," 1,286 "," 1,281 "," 1,413 "," 2,218 "," 2,239 "," 2,641 "," 2,761 "," 2,878 "," 2,649 "," 2,648 ",0.00,4.05,3.56,3.54,3.44,3.69,5.65,5.55,6.38,6.49,6.59,5.90,5.75
,,Madagascar,, 130 , 326 , 872 , 582 , 610 , 141 , 130 ,,,,,,0.00,0.73,1.78,4.63,3.00,3.06,0.69,0.62,,,,,
,,Malawi, 300 , 411 , 200 , 821 , 690 , 780 , 320 , 520 , 343 , 279 ,,,,2.48,3.31,1.57,6.26,5.11,5.61,2.23,3.52,2.25,1.78,,,
,,Mauritius,,,,,,, 38 , 33 , 34 ,,,,,0.00,,,,,,3.06,2.64,2.71,,,,
,,Mayotte,,,, 1 , 27 , 5 , 12 ,,,,,,,0.00,,,0.54,14.20,2.55,5.93,,,,,,
,,Mozambique," 1,044 "," 1,130 "," 1,089 ", 894 , 849 , 995 , 823 , 875 , 849 ,,,,,5.24,5.51,5.15,4.11,3.80,4.33,3.48,3.60,3.39,,,,
,,Réunion,, 23 , 25 , 19 , 24 , 18 , 15 ,,,,,,,0.00,2.94,3.16,2.37,2.97,2.20,1.82,,,,,,
,,Rwanda,,,, 475 , 472 , 438 , 377 , 500 ,,, 500 ,,,0.00,,,5.15,4.98,4.49,3.76,4.86,,,4.51,,
,,Seychelles, 10 , 6 , 3 , 9 , 5 , 3 , 5 , 2 ,,,,,,11.66,6.87,3.38,10.01,5.50,3.27,5.41,2.15,,,,,
,,Somalia,,, 517 ,,,,, 636 ,,,,, 599 ,0.00,,6.10,,,,,6.64,,,,,5.56
,,Uganda," 2,136 "," 2,049 "," 2,492 "," 2,696 "," 2,645 "," 2,793 "," 3,233 "," 3,160 "," 3,753 "," 4,066 "," 3,857 "," 4,473 ",,8.15,7.56,8.89,9.30,8.82,9.01,10.08,9.53,10.95,11.49,10.55,11.84,
,,United Republic of Tanzania,,,,,,,," 3,888 "," 4,149 "," 4,092 "," 3,697 "," 3,902 "," 3,746 ",0.00,,,,,,,8.52,8.80,8.41,7.36,7.53,7.01
,,Zambia,,,,,, 694 , 812 , 814 ,,,,,,0.00,,,,,5.29,6.01,5.85,,,,,
,,Zimbabwe," 1,360 "," 1,356 "," 1,350 "," 1,072 ",,,, 711 ,, 981 ,,,,10.65,10.54,10.40,8.17,,,,5.09,,6.74,,,
,Middle Africa,Angola,,," 2,058 ",,,,," 2,227 ",,,,," 2,414 ",0.00,,11.49,,,,,10.49,,,,,9.65
,,Cameroon,,,,,, 776 ," 1,277 ", 999 , 710 , 868 , 636 , 601 ," 1,385 ",0.00,,,,,3.97,6.36,4.85,3.36,4.01,2.86,2.64,5.93
,,Central African Republic,,, 606 ,,,,, 606 ,,,,, 642 ,0.00,,14.94,,,,,13.63,,,,,13.09
,,Chad,,," 1,079 ",,,,," 1,151 ",,,,," 1,266 ",0.00,,10.72,,,,,9.68,,,,,9.02
,,Congo,,, 396 ,,,,, 433 ,,,,, 466 ,0.00,,11.29,,,,,10.65,,,,,10.08
,,Democratic Republic of the Congo,,," 8,021 ",,,,," 9,213 ",,,,," 10,322 ",0.00,,14.30,,,,,13.97,,,,,13.36
,,Equatorial Guinea,,, 22 ,,,,, 25 ,,,,, 27 ,0.00,,3.49,,,,,3.38,,,,,3.21
,,Gabon,,, 154 ,,,,, 143 ,,,,, 155 ,0.00,,11.21,,,,,9.27,,,,,9.00
,,Sao Tome and Principe,,,, 4 , 4 , 14 , 5 , 6 , 6 ,,,,,0.00,,,2.55,2.50,8.56,2.99,3.51,3.44,,,,
,Northern Africa,Algeria, 650 , 449 , 204 , 312 , 271 , 328 , 277 , 254 , 280 , 523 , 480 , 577 , 542 ,2.01,1.37,0.61,0.92,0.79,0.94,0.78,0.70,0.76,1.40,1.26,1.48,1.37
,,Egypt, 471 , 322 , 522 , 549 , 680 , 967 , 912 ," 1,839 "," 2,703 ",,,,,0.65,0.44,0.70,0.72,0.88,1.22,1.13,2.24,3.23,,,,
,,Libya,,, 212 ,,,,, 192 ,,,,, 156 ,0.00,,3.66,,,,,3.06,,,,,2.49
,,Morocco, 510 , 470 , 469 , 498 , 517 , 426 , 432 , 451 , 441 , 383 , 429 , 355 ,,1.71,1.56,1.54,1.62,1.67,1.36,1.36,1.40,1.36,1.16,1.28,1.05,
,,South Sudan,,,,,,,,,," 1,504 ",,,,0.00,,,,,,,,,13.70,,,
,,Sudan,,," 2,399 ",,,,," 2,454 ",,,,," 2,596 ",0.00,,7.50,,,,,6.80,,,,,6.45
,,Tunisia,, 195 , 260 , 249 , 273 , 280 , 255 , 286 ,, 332 ,,,,0.00,1.95,2.57,2.44,2.65,2.69,2.42,2.69,,3.05,,,
,Southern Africa,Botswana, 312 , 259 , 291 , 261 , 280 , 281 , 289 , 303 , 220 ,,,,,17.23,14.11,15.61,13.77,14.50,14.28,14.40,14.80,10.53,,,,
,,Lesotho,,,,, 895 , 752 , 723 , 764 ,,,,,,0.00,,,,45.76,38.13,36.32,38.00,,,,,
,,Namibia,, 352 ,,,, 354 , 388 , 314 , 308 , 388 ,,,,0.00,17.58,,,,16.73,18.03,14.31,13.75,16.93,,,
,,South Africa," 19,824 "," 18,793 "," 18,793 "," 19,202 "," 18,487 "," 18,148 "," 16,834 "," 15,940 "," 15,609 "," 16,211 "," 16,914 "," 17,805 "," 18,673 ",42.20,39.43,38.87,39.17,37.20,36.04,33.01,30.88,29.88,30.68,31.66,32.99,34.27
,,Swaziland, 144 , 146 , 152 , 121 , 170 , 217 , 187 , 208 ,,, 102 ,,,13.24,13.34,13.76,10.82,14.98,18.81,15.93,17.43,,,8.16,,
,Western Africa,Benin,,, 574 ,,,,, 604 ,,,,, 654 ,0.00,,7.01,,,,,6.35,,,,,6.01
,,Burkina Faso,,, 78 , 90 , 108 , 128 , 98 , 91 , 89 , 117 ,,,,0.00,,0.58,0.65,0.76,0.87,0.65,0.58,0.55,0.71,,,
,,Cabo Verde,,,,, 29 , 34 , 38 , 39 , 53 , 56 , 54 , 65 , 46 ,0.00,,,,6.03,7.03,7.81,7.95,10.70,11.18,10.65,12.65,8.84
,,Côte d'Ivoire,,," 2,696 ",,,,," 2,576 ",,,,," 2,688 ",0.00,,14.87,,,,,12.80,,,,,11.84
,,Gambia,,, 142 ,,,,, 166 ,,,,, 181 ,0.00,,9.84,,,,,9.81,,,,,9.07
,,Ghana, 436 , 452 , 393 , 412 , 399 , 430 , 427 , 422 , 423 ,,,,,2.15,2.17,1.84,1.88,1.77,1.86,1.80,1.74,1.70,,,,
,,Guinea,,, 973 ,,,,," 1,019 ",,,,," 1,067 ",0.00,,10.06,,,,,9.26,,,,,8.46
,,Guinea-Bissau,,, 161 ,,,,, 163 ,,,,, 169 ,0.00,,11.02,,,,,9.97,,,,,9.17
,,Liberia,,,,, 100 , 177 , 145 , 129 , 161 , 135 ,,,,0.00,,,,2.84,4.82,3.79,3.26,3.95,3.22,,,
,,Mali,,," 1,623 ",,,,," 1,836 ",,,,," 1,905 ",0.00,,12.60,,,,,12.11,,,,,10.82
,,Mauritania,,, 388 ,,,,, 392 ,,,,, 416 ,0.00,,12.30,,,,,10.92,,,,,10.22
,,Niger,,,,,,,,, 831 , 788 ,,,,0.00,,,,,,,,4.90,4.47,,,
,,Nigeria,,," 16,423 ",,,,," 16,996 ",,,,," 17,843 ",0.00,,11.76,,,,,10.66,,,,,9.79
,,Senegal,,," 1,047 ",,,,," 1,099 ",,,,," 1,105 ",0.00,,9.29,,,,,8.48,,,,,7.30
,,Sierra Leone,, 112 , 99 , 101 , 134 , 184 , 158 , 163 , 187 , 113 ,,, 124 ,0.00,2.30,1.95,1.93,2.49,3.33,2.80,2.82,3.16,1.87,,,1.92
,,Togo,,, 606 ,,,,, 625 ,,,,, 668 ,0.00,,10.87,,,,,9.77,,,,,9.14
Americas,Caribbean,Anguilla, 1 , 2 , -   , 5 , 4 , 1 , 1 , -   , -   , 5 , 1 , 4 ,,8.32,16.20,0.00,38.75,30.43,7.48,7.37,0.00,0.00,35.38,6.99,27.66,
,,Antigua and Barbuda, 5 , 4 , 3 , 11 , 17 , 16 , 16 , 6 ,, 10 ,,,,6.18,4.89,3.63,13.18,20.14,18.75,18.54,6.88,,11.23,,,
,,Aruba, 4 , 2 , 12 , 10 , 6 , 5 , 4 , 4 ,,,,,,4.12,2.03,12.00,9.92,5.93,4.93,3.94,3.94,,,,,
,,Bahamas, 50 , 44 , 52 , 61 , 78 , 73 , 87 , 94 , 127 , 111 ,,,,15.83,13.64,15.79,18.17,22.79,20.94,24.52,26.05,34.63,29.81,,,
,,Barbados, 33 , 22 , 29 , 35 , 27 , 25 , 19 , 31 , 27 , 22 , 24 , 25 , 31 ,12.12,8.06,10.58,12.73,9.78,9.02,6.82,11.09,9.62,7.81,8.50,8.82,10.91
,,British Virgin Islands, 2 , 4 ,, 2 ,,,,,,,,,,8.97,17.75,,8.37,,,,,,,,,
,,Cayman Islands, 3 , 6 ,, 1 , 2 , 4 , 8 ,,,,,,,7.38,12.33,,2.00,3.89,7.56,14.74,,,,,,
,,Cuba, 642 , 660 , 684 , 576 , 568 , 515 , 565 , 505 , 534 ,,,,,5.72,5.87,6.07,5.11,5.03,4.56,5.00,4.47,4.72,,,,
,,Dominica, 8 , 8 , 8 , 5 , 7 , 7 , 13 , 15 , 6 ,,,,,11.42,11.38,11.34,7.07,9.89,9.88,18.31,21.08,8.40,,,,
,,Dominican Republic," 1,902 "," 2,239 "," 2,394 "," 2,144 "," 2,111 "," 2,394 "," 2,375 "," 2,474 "," 2,513 "," 2,268 ",," 1,810 ",,21.21,24.60,25.92,22.88,22.21,24.84,24.31,24.99,25.06,22.33,,17.39,
,,Grenada, 9 , 6 , 11 , 12 , 11 , 16 , 7 , 10 , 4 , 14 , 6 , 8 ,,8.79,5.84,10.68,11.62,10.62,15.39,6.71,9.55,3.81,13.27,5.67,7.52,
,,Guadeloupe,, 26 , 23 , 24 , 29 , 32 , 36 ,,,,,,,0.00,5.80,5.10,5.30,6.39,7.04,7.90,,,,,,
,,Haiti,,,,, 486 , 498 , 598 , 677 , 914 ," 1,033 ",,,,0.00,,,,5.09,5.13,6.07,6.77,9.01,10.04,,,
,,Jamaica, 975 ," 1,471 "," 1,674 "," 1,340 "," 1,584 "," 1,619 "," 1,683 "," 1,447 "," 1,133 "," 1,099 "," 1,200 "," 1,005 "," 1,207 ",36.79,55.22,62.51,49.79,58.57,59.58,61.66,52.79,41.16,39.78,43.27,36.11,43.21
,,Martinique,, 19 , 19 , 23 , 23 , 17 , 11 ,,,,,,,0.00,4.80,4.79,5.79,5.80,4.29,2.78,,,,,,
,,Montserrat, -   , -   , 1 , 1 ,, 1 ,,,,,,,,0.00,0.00,20.93,20.63,,20.39,,,,,,,
,,Puerto Rico, 787 , 797 , 771 , 748 , 731 , 807 , 894 , 977 ,, 978 , 883 , 681 , 584 ,20.79,21.12,20.50,19.95,19.55,21.65,24.04,26.34,,26.46,23.93,18.47,15.86
,,Saint Kitts and Nevis, 10 , 11 , 8 , 17 , 16 , 23 , 27 , 21 , 34 , 18 ,,,,20.97,22.72,16.28,34.12,31.71,45.02,52.21,40.11,64.15,33.55,,,
,,Saint Lucia, 36 , 37 , 41 , 43 , 29 , 39 , 39 , 44 ,, 39 ,,,,22.25,22.64,24.79,25.65,17.04,22.58,22.26,24.80,,21.56,,,
,,Saint Vincent and the Grenadines, 18 , 28 , 23 , 13 , 36 , 16 , 20 , 25 , 21 , 28 ,,,,16.61,25.79,21.15,11.94,33.01,14.66,18.31,22.87,19.21,25.61,,,
,,Trinidad and Tobago, 229 , 260 , 386 , 371 , 391 , 547 , 507 , 473 , 352 , 380 , 408 , 405 , 420 ,17.83,20.15,29.76,28.47,29.86,41.59,38.36,35.61,26.37,28.32,30.26,29.90,30.88
,,Turks and Caicos Islands, -   , -   , -   ,,, 2 , 2 ,,,,,,,0.00,0.00,0.00,,,6.78,6.61,,,,,,
,,United States Virgin Islands, 31 , 37 , 35 , 43 , 43 , 45 , 50 , 56 ,,,,,,28.53,34.19,32.48,40.01,40.12,42.11,46.91,52.64,,,,,
,Northern America,Bermuda, 2 , 1 , 2 , 3 , 3 , 5 , 6 , 7 , 8 , 6 , 5 , 4 , 4 ,3.08,1.54,3.07,4.61,4.62,7.74,9.33,10.95,12.58,9.50,7.97,6.41,6.45
,,Canada, 551 , 625 , 664 , 607 , 595 , 611 , 610 , 554 , 605 , 548 , 509 , 521 , 604 ,1.74,1.96,2.06,1.86,1.80,1.83,1.81,1.62,1.75,1.57,1.44,1.46,1.68
,,Greenland, 5 , 11 , 10 , 5 , 11 , 13 , 18 , 18 , 10 , 5 , 3 , 12 , 7 ,8.82,19.34,17.56,8.78,19.33,22.89,31.77,31.83,17.72,8.87,5.33,21.35,12.46
,,Saint Pierre and Miquelon,,,, -   , -   , 1 , 1 ,,,,,,,0.00,,,0.00,0.00,15.95,15.94,,,,,,
,,United States of America," 16,528 "," 16,148 "," 16,740 "," 17,309 "," 17,128 "," 16,465 "," 15,399 "," 14,722 "," 14,661 "," 14,856 "," 14,319 "," 14,164 "," 15,696 ",5.68,5.50,5.65,5.79,5.68,5.41,5.01,4.75,4.69,4.72,4.52,4.43,4.88
,South America,Argentina,,,,,,,,,,,," 3,227 "," 2,837 ",0.00,,,,,,,,,,,7.51,6.53
,,Bolivia (Plurinational State of),,, 654 , 598 , 787 , 850 , 835 ," 1,052 "," 1,029 "," 1,270 ",,,,0.00,,7.17,6.44,8.34,8.85,8.56,10.61,10.21,12.40,,,
,,Brazil,,,,," 44,625 "," 45,885 "," 44,518 "," 43,272 "," 48,084 "," 53,054 "," 54,163 "," 57,091 "," 55,574 ",0.00,,,,23.15,23.56,22.63,21.79,23.98,26.21,26.52,27.70,26.74
,,Chile, 513 ,, 576 , 590 , 616 , 588 , 630 , 541 , 636 , 434 , 556 , 638 ,,3.26,,3.58,3.62,3.74,3.53,3.74,3.18,3.70,2.50,3.16,3.59,
,,Colombia," 22,526 "," 19,036 "," 17,086 "," 16,119 "," 15,423 "," 14,911 "," 15,454 "," 15,013 "," 15,803 "," 14,670 "," 15,419 "," 13,343 "," 12,782 ",53.44,44.56,39.47,36.77,34.76,33.21,34.03,32.70,34.05,31.29,32.57,27.92,26.50
,,Ecuador," 1,937 "," 2,390 "," 2,121 "," 2,385 "," 2,273 "," 2,607 "," 2,625 "," 2,638 "," 2,345 "," 1,924 "," 1,725 "," 1,309 ",,14.58,17.69,15.44,17.08,16.00,18.04,17.87,17.66,15.45,12.48,11.01,8.23,
,,French Guiana,, 58 , 45 , 42 , 28 , 32 , 30 ,,,,,,,0.00,29.62,22.11,19.97,12.94,14.41,13.17,,,,,,
,,Guyana, 206 , 131 , 142 , 153 , 115 , 158 , 117 , 140 , 130 , 139 , 155 ,, 149 ,27.74,17.65,19.12,20.57,15.42,21.12,15.58,18.58,17.20,18.33,20.37,,19.42
,,Paraguay," 1,285 "," 1,209 "," 1,076 ", 934 , 783 , 833 , 821 , 741 , 657 , 649 , 604 , 578 , 617 ,22.91,21.20,18.57,15.88,13.12,13.78,13.40,11.93,10.44,10.17,9.34,8.82,9.29
,,Peru," 1,316 "," 1,526 "," 3,057 "," 3,141 "," 2,943 "," 3,332 "," 2,969 "," 2,709 "," 1,617 "," 1,958 "," 2,013 "," 2,076 "," 2,247 ",4.89,5.60,11.07,11.24,10.40,11.63,10.24,9.22,5.43,6.49,6.59,6.70,7.16
,,Suriname,,, 15 ,,,,, 49 ,,,,, 58 ,0.00,,3.12,,,,,9.54,,,,,10.68
,,Uruguay, 197 , 194 , 188 , 203 , 194 , 221 , 226 , 205 , 199 , 267 , 260 , 268 , 289 ,5.92,5.84,5.65,6.09,5.81,6.60,6.72,6.08,5.88,7.86,7.63,7.84,8.42
,,Venezuela (Bolivarian Republic of)," 11,342 "," 9,719 "," 9,964 "," 12,257 "," 13,156 "," 14,589 "," 13,985 "," 13,080 "," 14,098 "," 16,072 ",," 19,030 "," 17,778 ",43.86,36.93,37.22,45.03,47.54,51.89,48.97,45.11,47.91,53.83,,62.00,57.15
,Central America,Belize, 67 , 79 , 81 , 92 , 97 , 103 , 194 , 129 , 124 , 145 , 99 , 121 ,,24.89,28.61,28.59,31.64,32.51,33.64,61.80,40.11,37.67,43.06,28.76,34.40,
,,Costa Rica, 300 , 280 , 335 , 351 , 369 , 512 , 525 , 527 , 474 , 407 , 411 , 477 , 566 ,7.27,6.69,7.89,8.15,8.44,11.56,11.70,11.59,10.30,8.74,8.73,10.03,11.77
,,El Salvador," 2,197 "," 2,773 "," 3,778 "," 3,928 "," 3,497 "," 3,179 "," 4,382 "," 3,987 "," 4,371 "," 2,594 "," 2,513 "," 3,921 "," 6,656 ",37.23,46.80,63.53,65.82,58.42,52.95,72.77,66.03,72.19,42.72,41.27,64.20,108.64
,,Guatemala," 4,237 "," 4,507 ",," 5,885 "," 5,781 "," 6,292 "," 6,498 "," 5,960 "," 5,681 "," 5,155 "," 5,253 "," 4,998 ",,33.70,35.00,,43.62,41.90,44.60,45.07,40.46,37.75,33.54,33.48,31.21,
,,Honduras," 4,073 "," 3,639 "," 3,212 "," 3,118 "," 3,588 "," 4,455 "," 5,280 "," 6,236 "," 7,104 "," 7,172 "," 6,431 "," 5,936 "," 5,148 ",61.47,53.88,46.68,44.50,50.30,61.37,71.51,83.10,93.21,92.71,81.93,74.56,63.75
,,Mexico," 10,087 "," 9,329 "," 9,921 "," 10,452 "," 8,867 "," 14,006 "," 19,803 "," 25,757 "," 27,213 "," 25,967 "," 23,063 "," 20,010 "," 20,762 ",9.44,8.62,9.04,9.38,7.84,12.18,16.95,21.71,22.61,21.27,18.64,15.96,16.35
,,Nicaragua, 635 , 646 , 729 , 722 , 714 , 736 , 802 , 785 , 738 , 675 ,,,,12.12,12.17,13.55,13.25,12.93,13.16,14.15,13.68,12.71,11.49,,,
,,Panama, 338 , 308 , 364 , 371 , 444 , 654 , 818 , 759 , 759 , 654 , 663 , 568 , 447 ,10.55,9.45,10.97,10.98,12.91,18.69,22.98,20.96,20.61,17.47,17.42,14.69,11.38
Asia,Central Asia,Kyrgyzstan, 421 , 420 , 419 , 422 , 426 , 429 , 419 ," 1,072 ", 494 , 301 , 206 , 216 , 304 ,8.34,8.27,8.19,8.17,8.15,8.09,7.79,19.62,8.89,5.33,3.59,3.70,5.12
,,Tajikistan,,,, 213 , 155 , 118 , 131 , 155 , 149 , 106 , 117 ,,,0.00,,,3.06,2.18,1.63,1.77,2.04,1.92,1.34,1.44,,
,,Turkmenistan,,, 231 ,,,,, 229 ,,,,, 225 ,0.00,,4.87,,,,,4.54,,,,,4.20
,,Uzbekistan,,, 926 ,,,,, 894 ,,,,, 893 ,0.00,,3.57,,,,,3.22,,,,,2.99
,,Kazakhstan*," 1,991 "," 2,091 "," 1,804 "," 1,729 "," 1,656 "," 1,807 "," 1,771 "," 1,397 "," 1,420 "," 1,266 "," 1,120 ", 904 , 853 ,13.15,13.67,11.68,11.08,10.51,11.35,11.00,8.56,8.58,7.53,6.55,5.20,4.84
,Eastern Asia,China," 24,393 "," 24,711 "," 20,770 "," 17,973 "," 16,119 "," 14,811 "," 14,667 "," 13,410 "," 12,015 "," 11,286 "," 10,640 "," 10,083 ",,1.89,1.90,1.59,1.37,1.22,1.12,1.10,1.00,0.89,0.83,0.78,0.74,
,,"China, Hong Kong Special Administrative Region", 52 , 45 , 34 , 35 , 18 , 36 , 47 , 35 , 17 , 27 , 62 , 27 , 22 ,0.76,0.66,0.50,0.51,0.26,0.52,0.68,0.50,0.24,0.38,0.87,0.37,0.30
,,"China, Macao Special Administrative Region", 13 , 10 , 7 , 11 , 11 , 4 , 6 , 2 , 4 , 4 , 1 , -   , 1 ,2.88,2.18,1.50,2.29,2.23,0.79,1.15,0.37,0.73,0.72,0.18,0.00,0.17
,,Democratic People's Republic of Korea,,," 1,206 ",,,,," 1,179 ",,,,," 1,110 ",0.00,,5.07,,,,,4.81,,,,,4.41
,,Japan, 697 , 699 , 643 , 619 , 574 , 646 , 506 , 465 , 442 , 428 , 370 , 395 ,,0.55,0.55,0.51,0.49,0.45,0.51,0.40,0.37,0.35,0.34,0.29,0.31,
,,Mongolia, 343 , 333 , 398 , 336 , 293 , 212 , 219 , 239 , 266 , 199 , 208 , 218 , 214 ,13.89,13.34,15.75,13.13,11.30,8.06,8.20,8.81,9.64,7.09,7.27,7.49,7.23
,,Republic of Korea,,,,,,,,, 427 , 411 , 342 , 372 ,,0.00,,,,,,,,0.87,0.83,0.69,0.74,
,,Taiwan Province of China,,,, 228 , 176 , 191 , 181 , 179 ,, 179 , 168 ,, 192 ,0.00,,,1.00,0.77,0.83,0.78,0.77,,0.77,0.72,,0.82
,South-Eastern Asia,Brunei Darussalam, 3 , 2 , 2 , 3 , 3 , 1 , 3 , 1 ,,, 2 ,,,0.86,0.56,0.55,0.81,0.80,0.26,0.78,0.25,,,0.49,,
,,Cambodia, 509 , 511 , 448 , 450 , 458 , 343 , 353 , 331 , 268 ,,,,,3.95,3.90,3.36,3.33,3.34,2.46,2.50,2.30,1.84,,,,
,,Indonesia," 1,635 "," 1,419 ",,,," 1,372 "," 1,311 "," 1,058 "," 1,467 "," 1,456 "," 1,386 "," 1,277 ",,0.74,0.64,,,,0.58,0.55,0.44,0.60,0.59,0.55,0.50,
,,Lao People's Democratic Republic,,, 553 ,,,,, 502 ,,,,, 467 ,0.00,,9.62,,,,,8.03,,,,,6.87
,,Malaysia, 565 , 497 , 604 , 588 , 652 , 597 , 561 , 540 ,,,,,,2.27,1.96,2.34,2.24,2.44,2.20,2.03,1.92,,,,,
,,Myanmar, 840 , 817 , 743 , 855 , 823 , 870 , 879 , 801 ," 1,055 "," 1,436 "," 1,250 "," 1,348 "," 1,304 ",1.71,1.65,1.49,1.70,1.62,1.70,1.71,1.55,2.02,2.73,2.36,2.52,2.42
,,Singapore, 24 , 21 , 21 , 17 , 18 , 27 , 20 , 19 , 16 , 11 , 17 , 14 , 14 ,0.56,0.48,0.47,0.37,0.38,0.56,0.40,0.37,0.31,0.21,0.31,0.25,0.25
,,Thailand," 6,434 "," 4,273 "," 4,806 "," 4,687 "," 4,435 "," 3,974 "," 3,703 "," 3,654 "," 3,307 "," 3,323 "," 2,894 "," 2,649 "," 2,387 ",9.93,6.53,7.30,7.08,6.68,5.98,5.56,5.48,4.94,4.95,4.29,3.91,3.51
,,Timor-Leste,, 23 , 46 , 49 , 62 , 35 , 32 , 39 ,,,,,,0.00,2.39,4.65,4.86,6.07,3.40,3.07,3.69,,,,,
,,Viet Nam," 1,059 "," 1,063 "," 1,053 "," 1,048 "," 1,168 "," 1,092 "," 1,233 "," 1,336 "," 1,358 ",,,,,1.28,1.27,1.25,1.23,1.36,1.26,1.41,1.51,1.52,,,,
,,Philippines*," 6,436 "," 6,344 "," 6,434 "," 6,196 "," 5,739 "," 5,820 "," 6,368 "," 8,897 "," 8,674 "," 8,484 "," 9,153 "," 9,756 ",,7.76,7.50,7.47,7.07,6.45,6.45,6.95,9.56,9.18,8.84,9.38,9.84,
,Southern Asia,Afghanistan,,,,,,," 1,115 ", 983 ," 1,231 "," 1,948 ",,,,0.00,,,,,,4.10,3.52,4.27,6.55,,,
,,Bangladesh," 3,471 "," 3,902 "," 3,592 "," 4,166 "," 3,863 "," 4,099 "," 4,219 "," 3,988 "," 3,966 "," 4,114 "," 4,393 "," 4,514 "," 4,035 ",2.50,2.77,2.51,2.88,2.64,2.76,2.81,2.63,2.59,2.65,2.80,2.84,2.51
,,Bhutan,,,,,, 14 , 10 , 14 , 22 , 29 , 19 , 21 ,,0.00,,,,,2.01,1.41,1.94,3.00,3.90,2.52,2.75,
,,India," 40,029 "," 41,941 "," 41,206 "," 41,426 "," 41,521 "," 41,899 "," 41,542 "," 42,299 "," 43,741 "," 43,355 "," 41,984 "," 41,623 ",,3.61,3.72,3.60,3.56,3.52,3.50,3.42,3.44,3.51,3.43,3.28,3.21,
,,Iran (Islamic Republic of),,," 3,807 ",,,,," 3,873 ",,,,," 3,259 ",0.00,,5.43,,,,,5.22,,,,,4.12
,,Maldives,,,,, 3 , 5 , 6 , 6 , 3 , 10 , 3 ,,,0.00,,,,0.95,1.56,1.84,1.80,0.89,2.90,0.85,,
,,Nepal, 757 , 936 , 913 , 633 , 893 , 889 , 804 , 813 , 786 , 778 , 638 , 639 ,,3.04,3.71,3.58,2.45,3.43,3.38,3.02,3.03,2.89,2.83,2.29,2.27,
,,Pakistan," 9,346 "," 9,719 "," 9,631 "," 10,048 "," 10,556 "," 12,059 "," 12,491 "," 13,208 "," 13,860 "," 13,846 ",,,,6.35,6.47,6.28,6.42,6.61,7.39,7.50,7.77,7.98,7.81,,,
,,Sri Lanka*," 1,310 "," 1,377 "," 1,221 "," 2,045 "," 1,663 "," 2,002 "," 1,099 ", 763 , 732 , 676 , 598 ,,,6.82,7.11,6.25,10.40,8.39,10.04,5.47,3.78,3.60,3.31,2.91,,
,Western Asia,Armenia,, 83 , 58 , 79 , 77 , 97 , 97 , 56 , 71 , 65 , 59 , 72 , 74 ,0.00,2.74,1.92,2.63,2.58,3.26,3.27,1.89,2.39,2.18,1.97,2.40,2.45
,,Azerbaijan, 183 , 201 , 192 , 190 , 176 , 168 , 164 , 194 ,, 202 , 221 , 236 ,,2.19,2.37,2.24,2.19,2.01,1.89,1.83,2.13,,2.16,2.33,2.45,
,,Bahrain, 3 , 7 , 4 , 7 , 4 , 6 , 13 , 11 , 7 ,,,,,0.39,0.87,0.46,0.74,0.39,0.54,1.09,0.87,0.54,,,,
,,Cyprus,, 16 , 20 , 15 , 13 , 9 , 19 , 8 , 9 , 22 , 12 , 11 , 15 ,0.00,1.58,1.94,1.43,1.22,0.84,1.74,0.72,0.81,1.95,1.05,0.95,1.29
,,Georgia, 302 , 298 , 403 , 323 , 330 , 263 , 210 , 187 ,,,, 108 ,,6.60,6.59,9.01,7.29,7.52,6.06,4.89,4.40,,,,2.68,
,,Iraq,,," 9,206 "," 8,274 "," 18,796 ",,,,,,,,,0.00,,34.07,29.85,66.13,,,,,,,,
,,Iraq (Central Iraq),,,,,," 4,452 "," 2,458 "," 2,553 "," 2,518 "," 2,594 "," 3,228 "," 3,029 ",,#DIV/0!,#DIV/0!,#DIV/0!,#DIV/0!,#DIV/0!,17.92,9.63,9.71,9.28,9.24,11.11,10.08,
,,Iraq (Kurdistan Region),,,,,, 260 , 155 , 205 , 192 , 184 , 180 ,,,#DIV/0!,#DIV/0!,#DIV/0!,#DIV/0!,#DIV/0!,6.02,3.49,4.48,4.07,3.77,3.56,,
,,Israel, 195 , 173 , 166 , 182 , 125 , 136 , 128 , 145 , 151 , 134 ,, 118 , 110 ,3.07,2.67,2.51,2.69,1.81,1.92,1.76,1.95,2.00,1.74,,1.49,1.36
,,Jordan,,, 67 , 100 , 112 , 120 , 102 , 116 , 141 , 161 , 144 ,,,0.00,,1.26,1.81,1.94,2.00,1.63,1.78,2.09,2.30,2.00,,
,,Kuwait,,,,, 59 , 38 , 49 , 60 , 59 , 61 ,,,,0.00,,,,2.32,1.40,1.70,1.96,1.82,1.78,,,
,,Lebanon,,,,,, 183 , 145 , 163 , 168 , 194 , 236 , 240 , 231 ,0.00,,,,,4.45,3.47,3.76,3.66,3.94,4.46,4.28,3.95
,,Oman,,,,, 18 , 18 ,,, 34 ,,,,,0.00,,,,0.69,0.68,,,1.06,,,,
,,Qatar,,, 41 ,,,,, 122 ,,,,, 181 ,0.00,,4.87,,,,,6.92,,,,,8.10
,,Saudi Arabia,,,,,,,,,,,, 283 , 472 ,0.00,,,,,,,,,,,0.92,1.50
,,State of Palestine, 94 , 145 , 145 ,,, 48 , 44 , 30 , 23 , 26 ,,,,2.73,4.13,4.05,,,1.25,1.11,0.74,0.55,0.60,,,
,,Syrian Arab Republic, 405 , 426 , 430 , 446 , 533 , 529 , 476 , 463 ,,,,,,2.34,2.41,2.37,2.38,2.74,2.63,2.31,2.23,,,,,
,,Turkey," 2,837 "," 2,914 "," 3,305 "," 3,168 "," 3,599 "," 3,257 "," 3,692 "," 3,064 "," 3,061 "," 3,216 ",,,,4.29,4.35,4.87,4.61,5.18,4.63,5.18,4.24,4.16,4.30,,,
,,United Arab Emirates,,,,,,,, 67 , 51 , 69 , 57 , 61 , 60 ,0.00,,,,,,,0.80,0.58,0.77,0.63,0.67,0.66
,,Yemen, 704 , 646 , 945 , 895 , 850 , 874 , 990 ," 1,099 "," 1,375 "," 1,616 "," 1,703 ",,,3.63,3.24,4.61,4.24,3.92,3.92,4.31,4.66,5.67,6.49,6.67,,
Europe,Eastern Europe,Belarus, 879 , 815 , 825 , 734 , 649 , 541 , 473 , 486 , 373 , 340 , 333 , 340 ,,9.01,8.41,8.56,7.65,6.79,5.68,4.98,5.12,3.93,3.58,3.51,3.58,
,,Bulgaria, 247 , 244 , 199 , 186 , 177 , 172 , 150 , 148 , 128 , 141 , 109 , 116 , 129 ,3.16,3.15,2.59,2.44,2.34,2.29,2.01,2.00,1.74,1.93,1.50,1.61,1.80
,,Czechia, 163 , 134 , 108 , 130 , 126 , 114 , 94 , 103 , 86 , 105 , 98 , 69 , 79 ,1.60,1.31,1.06,1.27,1.22,1.10,0.90,0.98,0.82,1.00,0.93,0.65,0.75
,,Hungary, 228 , 209 , 164 , 174 , 154 , 181 , 139 , 138 , 145 , 124 , 154 , 146 ,,2.25,2.07,1.62,1.73,1.53,1.80,1.39,1.38,1.45,1.25,1.55,1.48,
,,Poland, 662 , 633 , 555 , 490 , 525 , 460 , 493 , 436 , 449 , 377 , 298 , 283 , 286 ,1.72,1.65,1.44,1.27,1.36,1.19,1.28,1.13,1.16,0.98,0.77,0.73,0.74
,,Republic of Moldova, 319 , 277 , 296 , 262 , 217 , 236 , 246 , 267 , 304 , 229 , 169 , 130 ,,7.65,6.65,7.12,6.32,5.26,5.74,6.01,6.54,7.45,5.62,4.15,3.19,
,,Russian Federation,,,,,,,," 22,897 "," 21,506 "," 19,881 "," 18,464 "," 17,414 "," 16,232 ",0.00,,,,,,,15.99,15.02,13.87,12.88,12.14,11.31
,,Slovakia, 146 , 122 , 106 , 89 , 89 , 94 , 84 , 89 , 96 , 75 , 78 , 72 , 48 ,2.71,2.27,1.97,1.65,1.65,1.74,1.55,1.65,1.77,1.38,1.44,1.33,0.88
,,Ukraine," 3,618 "," 3,475 "," 3,025 "," 2,931 "," 2,639 "," 2,438 "," 2,194 "," 1,988 ",,,,,,7.62,7.37,6.46,6.30,5.71,5.30,4.79,4.36,,,,,
,,Romania***, 551 , 516 , 457 , 438 , 416 , 470 , 397 , 404 , 335 , 378 , 336 , 298 , 291 ,2.54,2.39,2.13,2.07,1.98,2.27,1.94,1.99,1.67,1.90,1.70,1.52,1.49
,Northern Europe,Denmark, 65 , 43 , 53 , 29 , 39 , 54 , 47 , 42 , 46 , 47 , 48 , 73 , 56 ,1.21,0.80,0.98,0.53,0.71,0.98,0.85,0.76,0.82,0.84,0.85,1.29,0.99
,,Estonia, 147 , 91 , 113 , 91 , 93 , 84 , 70 , 70 , 65 , 63 , 52 , 41 , 42 ,10.71,6.67,8.34,6.74,6.92,6.27,5.24,5.25,4.89,4.76,3.94,3.12,3.20
,,Finland, 103 , 148 , 119 , 119 , 129 , 133 , 120 , 119 , 110 , 88 , 90 , 89 , 88 ,1.98,2.83,2.27,2.26,2.44,2.50,2.25,2.22,2.04,1.62,1.65,1.62,1.60
,,Iceland, -   , 3 , 3 , -   , 2 , -   , 1 , 2 , 3 , 1 , 1 , 1 , 3 ,0.00,1.02,1.01,0.00,0.65,0.00,0.32,0.63,0.93,0.31,0.31,0.31,0.91
,,Ireland, 45 , 30 , 52 , 62 , 78 , 50 , 56 , 53 , 42 , 54 , 52 , 52 , 30 ,1.11,0.73,1.24,1.44,1.78,1.12,1.23,1.15,0.90,1.16,1.11,1.11,0.64
,,Latvia, 202 , 181 , 126 , 128 , 94 , 99 , 108 , 70 , 69 , 97 , 69 , 77 , 81 ,8.83,8.02,5.66,5.82,4.33,4.62,5.10,3.35,3.34,4.76,3.43,3.87,4.11
,,Lithuania,, 343 , 372 , 288 , 277 , 298 , 252 , 219 , 211 , 202 , 198 , 159 , 172 ,0.00,10.16,11.13,8.71,8.49,9.26,7.94,7.01,6.87,6.70,6.68,5.45,5.98
,,Norway, 51 , 36 , 33 , 33 , 30 , 34 , 29 , 29 , 111 , 27 , 46 , 29 ,,1.12,0.78,0.71,0.71,0.64,0.71,0.60,0.59,2.24,0.54,0.90,0.56,
,,Sweden, 81 , 102 , 83 , 91 , 111 , 82 , 93 , 91 , 81 , 68 , 87 , 87 , 112 ,0.91,1.14,0.92,1.00,1.21,0.89,1.00,0.97,0.86,0.71,0.90,0.90,1.15
,,United Kingdom of Great Britain and Northern Ireland," 1,039 ", 983 , 896 , 863 , 873 , 760 , 714 , 753 , 646 , 644 , 602 , 594 ,,1.74,1.64,1.49,1.42,1.43,1.23,1.15,1.20,1.02,1.01,0.94,0.92,
,Southern Europe,Albania,,, 154 , 95 , 105 , 93 , 85 , 127 , 142 , 157 , 124 , 117 , 66 ,0.00,,5.00,3.11,3.49,3.13,2.90,4.38,4.92,5.45,4.30,4.05,2.28
,,Andorra,, 1 ,,, -   , 1 , 1 , 1 , 1 , -   , -   , -   , -   ,0.00,1.28,,,0.00,1.17,1.17,1.18,1.21,0.00,0.00,0.00,0.00
,,Bosnia and Herzegovina,,,,,,, 71 , 56 , 51 , 63 , 46 , 50 , 57 ,0.00,,,,,,1.85,1.46,1.33,1.65,1.20,1.31,1.50
,,Croatia, 67 , 83 , 66 , 68 , 61 , 67 , 49 , 62 , 49 , 51 , 46 , 36 , 37 ,1.53,1.89,1.51,1.56,1.40,1.54,1.13,1.44,1.14,1.19,1.08,0.85,0.87
,,Greece, 122 , 111 , 132 , 110 , 130 , 144 , 152 , 176 , 184 , 166 , 153 , 107 , 93 ,1.11,1.00,1.19,0.99,1.17,1.29,1.36,1.57,1.65,1.49,1.38,0.97,0.85
,,Italy, 719 , 714 , 610 , 625 , 631 , 615 , 590 , 529 , 552 , 530 , 502 , 475 , 469 ,1.24,1.22,1.04,1.06,1.07,1.04,0.99,0.89,0.92,0.89,0.84,0.79,0.78
,,Kosovo (in compliance with UN Security Council Resolution 1244/99),,,,,, 113 , 73 , 106 , 62 , 90 , 41 , 41 , 30 ,0.00,,,,,6.30,4.04,5.84,3.40,4.90,2.22,2.21,1.60
,,Malta, -   , 7 , 4 , -   , 4 , 6 , 4 , 4 , 3 , 12 , 7 , 6 , 4 ,0.00,1.77,1.01,0.00,0.99,1.48,0.98,0.97,0.72,2.89,1.68,1.44,0.96
,,Montenegro,,,,, 12 , 24 , 21 , 15 , 21 , 17 , 10 , 20 , 17 ,0.00,,,,1.94,3.87,3.38,2.41,3.37,2.72,1.60,3.20,2.72
,,Portugal, 149 , 144 , 133 , 155 , 185 , 124 , 130 , 124 , 114 , 122 , 144 , 92 , 100 ,1.43,1.38,1.27,1.47,1.75,1.17,1.23,1.17,1.08,1.16,1.38,0.88,0.97
,,San Marino, -   , -   , -   , -   , -   , -   , -   , -   , -   ,,,,,0.00,0.00,0.00,0.00,0.00,0.00,0.00,0.00,0.00,,,,
,,Serbia, 176 , 164 , 147 , 156 , 171 , 140 , 154 , 130 , 135 , 111 , 140 , 118 , 100 ,1.90,1.78,1.60,1.70,1.87,1.54,1.69,1.44,1.50,1.24,1.57,1.33,1.13
,,Slovenia, 21 , 27 , 20 , 12 , 24 , 10 , 13 , 15 , 16 , 14 , 12 , 15 , 25 ,1.06,1.36,1.00,0.60,1.19,0.49,0.64,0.73,0.78,0.68,0.58,0.73,1.21
,,Spain, 587 , 520 , 518 , 476 , 482 , 407 , 412 , 401 , 385 , 364 , 302 , 323 , 303 ,1.38,1.20,1.18,1.07,1.07,0.89,0.89,0.86,0.82,0.78,0.65,0.70,0.66
,,The former Yugoslav Republic of Macedonia, 70 , 49 , 44 , 46 , 42 , 35 , 35 , 43 , 30 , 29 , 22 , 33 ,,3.44,2.40,2.15,2.25,2.05,1.70,1.70,2.08,1.45,1.40,1.06,1.59,
,Western Europe,Austria, 50 , 59 , 54 , 61 , 45 , 58 , 51 , 58 , 75 , 79 , 60 , 42 , 44 ,0.61,0.72,0.66,0.74,0.54,0.70,0.61,0.69,0.89,0.93,0.71,0.49,0.51
,,France, 987 , 990 , 976 , 879 , 993 ," 1,021 ", 819 , 796 , 856 , 784 , 777 , 792 ," 1,017 ",1.63,1.63,1.59,1.43,1.60,1.64,1.31,1.26,1.35,1.23,1.22,1.24,1.58
,,Germany, 859 , 868 , 869 , 808 , 757 , 722 , 803 , 793 , 738 , 659 , 682 , 716 , 682 ,1.05,1.07,1.07,1.00,0.94,0.90,1.00,0.99,0.92,0.82,0.85,0.89,0.85
,,Liechtenstein, -   , 1 , -   , -   , -   , 1 , -   , 1 , -   , -   , -   , 1 , -   ,0.00,2.89,0.00,0.00,0.00,2.81,0.00,2.77,0.00,0.00,0.00,2.68,0.00
,,Luxembourg,,,, 7 , 7 , 8 , 5 , 10 , 4 , -   , 1 , 4 ,,0.00,,,1.50,1.47,1.65,1.01,1.97,0.77,0.00,0.18,0.72,
,,Monaco,, 1 , 1 , 1 , -   , -   ,,,,,,,,0.00,3.00,2.96,2.91,0.00,0.00,,,,,,,
,,Netherlands, 202 , 191 , 174 , 128 , 143 , 150 , 154 , 144 , 143 , 145 , 125 , 123 , 104 ,1.25,1.18,1.07,0.78,0.87,0.91,0.93,0.87,0.86,0.87,0.74,0.73,0.61
,,Switzerland, 73 , 78 , 75 , 60 , 51 , 54 , 51 , 52 , 46 , 45 , 57 , 41 , 57 ,1.00,1.06,1.01,0.80,0.67,0.71,0.66,0.66,0.58,0.56,0.70,0.50,0.69
,,Belgium***, 230 , 268 , 221 , 221 , 211 , 203 , 189 , 189 , 214 , 205 , 205 , 208 , 220 ,2.21,2.55,2.09,2.08,1.97,1.88,1.74,1.73,1.94,1.85,1.84,1.85,1.95
Oceania,Melanesia,Fiji,,,,, 22 , 30 , 21 , 24 ,, 26 ,,,,0.00,,,,2.64,3.56,2.47,2.79,,2.97,,,
,,New Caledonia,,,, 8 , 12 , 11 , 8 ,,,,,,,0.00,,,3.44,5.09,4.59,3.29,,,,,,
,,Papua New Guinea, 609 , 309 , 603 , 610 , 520 , 603 , 697 , 713 ,,,,,,10.51,5.21,9.91,9.78,8.14,9.21,10.42,10.42,,,,,
,,Solomon Islands,, 20 , 26 , 23 , 26 , 19 ,,,,,,,,0.00,4.37,5.54,4.78,5.28,3.77,,,,,,,
,,Vanuatu,,, 5 ,,,,, 5 ,,,,, 6 ,0.00,,2.47,,,,,2.31,,,,,2.13
,Micronesia,Guam, 8 , 9 , 7 , 11 , 1 , 1 , 5 , 3 , 4 ,,,,,5.07,5.69,4.42,6.94,0.63,0.63,3.15,1.88,2.49,,,,
,,Kiribati,,,,,, 7 , 1 , 4 , 11 , 8 ,,,,0.00,,,,,7.11,0.99,3.90,10.51,7.50,,,
,,Marshall Islands,,,,,,,,,, 2 ,,,,0.00,,,,,,,,,4.68,,,
,,Micronesia (Federated States of),,, 5 ,,,,, 5 ,,,,, 5 ,0.00,,4.58,,,,,4.49,,,,,4.67
,,Nauru,,,,,,,,,, 0 ,,,,0.00,,,,,,,,,1.31,,,
,,Palau,,,,,,,,,, 1 ,,,,0.00,,,,,,,,,3.11,,,
,Polynesia,Cook Islands,,,,,,,,,, 1 ,,,,0.00,,,,,,,,,3.06,,,
,,French Polynesia,,,, 3 , 7 , 9 , 1 ,,,,,,,0.00,,,1.16,2.69,3.42,0.38,,,,,,
,,Niue,,,,,,,,,, 0 ,,,,0.00,,,,,,,,,3.07,,,
,,Samoa,,,,,,, 16 , 16 ,,, 6 ,,,0.00,,,,,,8.66,8.60,,,3.15,,
,,Tonga, 6 , 2 , 4 , 8 , 1 , 4 , 8 , 1 , 2 , 1 ,,,,6.02,2.00,3.97,7.88,0.98,3.89,7.74,0.96,1.92,0.95,,,
,,Tuvalu, -   , -   , -   , -   , -   , -   , -   , 1 , 1 , 2 ,,,,0.00,0.00,0.00,0.00,0.00,0.00,0.00,10.18,10.16,20.28,,,
,Australia and New Zealand,Australia, 341 , 302 , 259 , 281 , 255 , 261 , 263 , 231 , 248 , 243 , 245 , 243 , 236 ,1.73,1.51,1.28,1.36,1.22,1.22,1.21,1.04,1.10,1.06,1.05,1.03,0.98
,,New Zealand****, 44 , 45 , 61 , 49 , 48 , 51 , 67 , 43 , 39 , 41 , 46 , 41 ,,1.09,1.10,1.48,1.17,1.13,1.19,1.55,0.98,0.89,0.92,1.03,0.91,
,,,,,,,,,,,,,,,,,,,,,,,,,,,,
,,,,,,,,,,,,,,,,,,,,,,,,,,,,
,,,,,,,,,,,,,,,,,,,,,,,,,,,,
,,,,,,,,,,,,,,,,,,,,,,,,,,,,
,,,,,,,,,,,,,,,,,,,,,,,,,,,,
,,,,,,,,,,,,,,,,,,,,,,,,,,,,
,,,,,,,,,,,,,,,,,,,,,,,,,,,,
,,,,,,,,,,,,,,,,,,,,,,,,,,,,
,,,,,,,,,,,,,,,,,,,,,,,,,,,,
,,,,,,,,,,,,,,,,,,,,,,,,,,,,
,,,,,,,,,,,,,,,,,,,,,,,,,,,,
,,,,,,,,,,,,,,,,,,,,,,,,,,,,
,,,,,,,,,,,,,,,,,,,,,,,,,,,,
,,,,,,,,,,,,,,,,,,,,,,,,,,,,
,,,,,,,,,,,,,,,,,,,,,,,,,,,,
,,,,,,,,,,,,,,,,,,,,,,,,,,,,
,,,,,,,,,,,,,,,,,,,,,,,,,,,,
